<?xml version='1.0' encoding='utf-8'?>
<recipes><recipe><title>Посикунчики</title><description>Посикунчики - веселое название уральских маленьких пирожков с мясом. Немного надкусишь посикунчик — и из него брызнет горячий бульон. А в народе говорят, что пирожки "сикают". Очень вкусно! Пробуем?</description><ingredients>- тесто - 500 г;
- фарш (свинина, говядина) — 450 г;
- лук репчатый — 1 шт.;
- соль — по вкусу;
- перец чёрный молотый — по вкусу;
- вода — 100 мл.</ingredients><steps>1. Из теста сформировать колбаски и нарезать в длину по пять сантиметров.
2. Раскатать скалкой.
3. В центр каждой лепёшки положить небольшой кусочек сливочного масла и добавить ложку фарша.
4. Аккуратно соединить края теста «гребешком» или придавить по периметру вилкой, чтобы в процессе приготовления посикунчики не развалились.
5. Обжарить в глубокой сковороде до появления золотистого цвета.</steps><colories>True</colories></recipe></recipes>